id_proyecto,nombre,estado_id,tipo_id,prioridad,fecha_evento_inicio,fecha_evento_termino,fecha_propuesta,notas,responsable_id,publico_esperado,venues,valor_venta,cliente_id,fecha_creacion,fecha_actualizacion
fb6abf10,Bci Seguros,1,Por definir,1,5/29/2026,5/29/2026,5/29/2026,Cata a Bci: Último correo follow up semana 6-7,Catalina Muñiz,,,,Bci Seguros,5/29/2026,5/29/2026
1a7bf5b2,Presidencia 2026-2027,1,Suministros,1,5/29/2026,5/29/2026,6/29/2026,"Esperando Licitación Nueva / Follow up Antonio 15/6 / Revisar Entradas con Eduardo sino, comprar.",Marcelo Muñoz,,,,Presidencia,5/29/2026,5/29/2026
a3c8d88f,Eventos Grandes,1,Por definir,2,5/6/2026,5/6/2026,4/29/2026,Último correo follow up semana 6-7,Vicente Muñiz,,,,Buk,5/6/2026,5/6/2026
9c7128e3,Hackathon 2026,1,Hackaton,3,10/21/2026,10/21/2026,6/18/2026,Bego: Último correo follow up semana 6-7,Vicente Muñiz,,,,Entel,10/21/2026,10/21/2026
b844b93d,Dinner en blanc,1,Evento Propio,4,9/4/2026,9/4/2026,7/10/2026,,Marcelo Muñoz,,,,,9/4/2026,9/4/2026
0c739eb1,Suministros ProChile,2,Suministros,1,9/1/2026,9/1/2026,7/27/2026,Revisar y reformular experiencia oferente. Falta parte creativa.,Marcelo Muñoz,,,,ProChile,9/1/2026,9/1/2026
701ab78a,Children's day,2,Corporativo,1,8/7/2026,8/7/2026,6/12/2026,Cata B preguntará.,Juanjo,,,,Abbott,8/7/2026,8/7/2026
2e6956cd,Proyecto Chubb 360,2,Por definir,1,6/30/2026,6/30/2026,6/19/2026,,Pablo Rodríguez,,,,Chubb,6/30/2026,6/30/2026
2a6faa75,Walmart 2027,2,Corporativo,2,3/10/2027,3/10/2027,7/16/2026,,,,,,,3/10/2027,3/10/2027
2979cc19,Ñuñoa Cultura Digital,2,Evento Propio,2,7/31/2026,7/31/2026,5/8/2026,,Pablo Rodríguez,,,,Municipalidad Ñuñoa,7/31/2026,7/31/2026
ef01b834,Unión Europea en Expomin 2027,2,Stand,2,6/14/2027,6/14/2027,8/19/2026,"Revisar si hay preguntas, enviar máximo el 10 = G&L?. 
Revisar después de reuniones con A3D y Extend",Vicente Muñiz,,,,Fundación Chile,6/14/2027,6/14/2027
65c40755,Stand Expo Mercado Público,2,Evento Propio,4,9/9/2026,9/9/2026,5/19/2026,Diseñar experiencia - Pablo conversó con Intec para posible colab,,,,,Lab,9/9/2026,9/9/2026
34c97dc0,Corporación Cultural Lo Barnechea,2,Suministros,4,6/19/2026,6/19/2026,5/19/2026,Experiencia Oferente revisar.,Marcelo Muñoz,,,,Corporación Cultural de LB,6/19/2026,6/19/2026
34bc3d11,Seminario/Congreso IA,3,Charla - Seminario,1,8/19/2026,8/19/2026,6/10/2026,VT 23/6 + Búsqueda Speakers,Catalina Browne,,,,Bci WM,8/19/2026,8/19/2026
ca56011f,Fiesta de Fin de Año - 2026,3,Fiesta ,1,11/26/2026,11/26/2026,6/15/2026,Armar mini slides renders / otro formato evento,Vicente Muñiz,,,,SalfaCorp,11/26/2026,11/26/2026
97af6e91,Encuentro Cloud Entel Digital,3,Corporativo,2,8/18/2026,8/18/2026,6/26/2026,🕯️,Pablo Rodríguez,,,,Entel Digital,8/18/2026,8/18/2026
464d1931,Productora Tarifario + Stand,3,Stand,3,6/28/2026,6/28/2026,6/25/2026,Pasar Costos Stand a Formato Entel,Marcelo Muñoz,,,,Entel Digital,6/28/2026,6/28/2026
888987ff,Abbott - 10 años freestyle,4,Corporativo,1,7/31/2026,7/31/2026,4/29/2026,Foco en ejecución,Pablo Rodríguez,,,,Abbott,7/31/2026,7/31/2026
9c22be1f,100 años Guerbet: Evento Tánica + Evento 100 años + Stands,4,Corporativo,1,7/22/2026,7/22/2026,6/25/2026,Enviar opciones fechas Tánica - Cotizar Stand,Vicente Muñiz,,,,Guerbet,7/22/2026,7/22/2026
42e72ff7,Orsan Nights - Cielos Chilenos,4,Corporativo,1,7/23/2026,7/23/2026,2/25/2026,Kit?,Vicente Muñiz,,,,Orsan,7/23/2026,7/23/2026
f2040c4e,Cumbre Plateada,4,Evento Propio,2,12/1/2026,12/1/2026,5/29/2026,Vicho: Unirá presentaciones a lvl contenido con SLUC. Marcelo: P&L,Marcelo Muñoz,,,,Seniorlab UC,12/1/2026,12/1/2026
0686b598,Entrevistas Diseño,4,Corporativo,2,7/7/2026,7/7/2026,7/6/2026,,Vicente Muñiz,,,,Lab,7/7/2026,7/7/2026
a20ec350,Presidencia 776-11-LR25,4,Suministros,3,9/30/2025,9/30/2025,4/3/2025,Msj enviado a Antonio x wsp sin respuesta ¿presionamos?,Marcelo Muñoz,,,,Presidencia,9/30/2025,9/30/2025
17a00a74,Momix 2026,4,Cultura,4,10/15/2026,10/15/2026,11/21/2025,Se verá en reu,Pablo Rodríguez,,,,Bci WM,10/15/2026,10/15/2026
c70285a0,Booking Kevin Johansen,4,Booking,4,11/20/2026,11/20/2026,2/5/2026,,Pablo Rodríguez,,,,Ladera Sur,11/20/2026,11/20/2026
03caa3e8,Branding Movistar Arena,4,BTL - Branding,4,7/24/2026,7/24/2026,4/14/2026,Rosalía (24-29 Julio) Ver pagos con Javi+Consu,Vicente Muñiz,,,,Entel,7/24/2026,7/24/2026
6c1cb8fd,CAS Stands Eventos 2026,4,Stand,4,10/28/2026,10/28/2026,7/6/2026,Actualizar y preparar en base a última reunión.,Catalina Muñiz,,,,Clínica Alemana,10/28/2026,10/28/2026
e8f3890a,30 años Carmenere,5,Fiesta ,10,11/21/2024,11/21/2024,9/3/2024,,Vicente Muñiz,,,,Santa Rita,11/21/2024,11/21/2024
f35cc91c,ISOC,5,Charla - Seminario,10,11/13/2024,11/13/2024,6/30/2024,Se actualiza Cot. Semana 12/8 sacar Ok para ejecución.,,,,,Clínica Alemana,11/13/2024,11/13/2024
53ff6eb8,Teck Postulación Premios Eikon,5,Corporativo,10,5/28/2024,5/28/2024,5/10/2024,Trabajando en la madrugada,Eduardo Weise,,,,Teck,5/28/2024,5/28/2024
58f94f80,El Valor de las Inversiones,5,Charla - Seminario,10,11/13/2025,11/13/2025,10/17/2025,Cerrar lugar comida + dinámica + kv,Pablo Rodríguez,,,,Bci WM,11/13/2025,11/13/2025
1edcec47,AntofagastUP,5,Charla - Seminario,10,10/1/2024,10/1/2024,5/24/2024,"Falta diseño y ok credenciales, landing ok, confirmación muebles.",Vicente Muñiz,,,,Sofofa,10/1/2024,10/1/2024
0c3ef682,Kitchen Club Bci,5,Corporativo,10,5/29/2024,5/29/2024,5/10/2024,VT Técnica pendiente,,,,,Bci WM,5/29/2024,5/29/2024
183f3227,Stand ETM,5,Stand,10,11/20/2025,11/20/2025,9/30/2025,Reunión Miércoles 5 / 3PM,Vicente Muñiz,,,,Entel,11/20/2025,11/20/2025
1cb3bb6d,Lanzamiento Dúo Cara,5,Corporativo,10,9/24/2025,9/24/2025,9/10/2025,Enviado,Vicente Muñiz,,,,L'Occitane,9/24/2025,9/24/2025
480b49b0,CAS - Deco,5,Stand,10,4/18/2024,4/18/2024,4/4/2024,,,,,,,4/18/2024,4/18/2024
6e3ec055,UC Davis 2024,5,Charla - Seminario,10,5/2/2024,5/2/2024,5/1/2024,Revisando sillas y definiendo mobiliario,Pablo Rodríguez,,,,UC Davis,5/2/2024,5/2/2024
6774ad05,Tribu VP,5,Fiesta ,10,12/3/2025,12/3/2025,10/13/2025,Reu 1 Dic,Vicente Muñiz,,,,Entel Empresas,12/3/2025,12/3/2025
d247e41f,Comida Gerencia,5,Fiesta ,10,9/9/2025,9/9/2025,9/5/2025,Ajustar ppto extras,Vicente Muñiz,,,,Entel,9/9/2025,9/9/2025
19457ef4,Teck Perú,5,Logistica,10,9/9/2025,9/9/2025,9/9/2025,A cobrar,Consuelo Muñiz,,,,Teck,9/9/2025,9/9/2025
6a9c30b7,CAS - placa,5,Corporativo,10,3/19/2025,3/19/2025,2/27/2025,Hacer plan,,,,,Clínica Alemana,3/19/2025,3/19/2025
73bf2d89,Training Day,5,Corporativo,10,10/1/2024,10/1/2024,8/9/2024,,,,,,Guerbet,10/1/2024,10/1/2024
1eeb0da2,Red Bull Symphonic,5,Cultura,10,10/24/2025,10/24/2025,7/18/2025,Cerrar ppto MN & Extras + Tema Letrero + Asado 10 Oct,Vicente Muñiz,,,,Red Bull,10/24/2025,10/24/2025
78f5fcf2,Semana de Pyme 2024,5,Feria,10,11/4/2024,11/4/2024,10/7/2024,,Consuelo Muñiz,,,,,11/4/2024,11/4/2024
462725a0,Ballet of Light,5,Cultura,10,8/5/2025,8/5/2025,7/3/2025,OC's y Facturación + Cierre con Metropolitan + Juntarse próximos pasos,Pablo Rodríguez,,,,Bci WM,8/5/2025,8/5/2025
6167b9ba,Suede XL Puma,5,Stand,10,9/7/2024,9/7/2024,8/22/2024,Implementando.,Vicente Muñiz,,,,LargaVista,9/7/2024,9/7/2024
704467bb,Regata,5,Corporativo,10,11/14/2024,11/14/2024,8/23/2024,J105,,,,,Bci WM,11/14/2024,11/14/2024
1b4b75e2,Casa Entelín - Imagine Dragons,5,BTL - Branding,10,10/21/2025,10/21/2025,10/21/2025,Taki va. Agregar a Cata+Consu.,Vicente Muñiz,,,,Entel,10/21/2025,10/21/2025
bdfc5407,Disney Navidad,5,BTL - Branding,10,12/1/2025,12/1/2025,2/21/2025,Santa is coming for christmas,Eduardo Weise,,,,Disney,12/1/2025,12/1/2025
6a9bc2ae,CESCO Week,5,Logistica,10,4/7/2025,4/7/2025,2/28/2025,,Consuelo Muñiz,,,,Teck,4/7/2025,4/7/2025
d35783f9,Premiación - Mundo Pixar,5,Corporativo,10,11/28/2024,11/28/2024,10/15/2024,,Consuelo Muñiz,,,,Cine Color,11/28/2024,11/28/2024
3ea3ee54,Previa Justice,5,BTL - Branding,10,4/7/2025,4/7/2025,4/2/2025,Armar pptos + Va Branding?,Vicente Muñiz,,,,Entel,4/7/2025,4/7/2025
a1d34022,Gira Entel Empresas,5,Corporativo,10,5/30/2025,5/30/2025,7/1/2025,Esperando respuesta de Gaby para OC 3 y 4,Vicente Muñiz,,,,Entel,5/30/2025,5/30/2025
6d1a4e6c,Previa Club Entel - Chayanne,5,BTL - Branding,10,8/20/2025,8/20/2025,7/10/2025,"Confirmar tickets, estacionamiento y reserva oporto",Vicente Muñiz,,,,Entel,8/20/2025,8/20/2025
8f6fca70,All Brads Chicureo,5,BTL - Branding,10,4/6/2025,4/6/2025,4/3/2025,,Vicente Muñiz,,,,Entel,4/6/2025,4/6/2025
b7256a2c,Semana Inversionistas,5,Charla - Seminario,10,11/1/2025,11/1/2025,4/25/2025,Show me the money,Consuelo Muñiz,,,,Teck,11/1/2025,11/1/2025
cc75d02x,Investor Day,5,Charla - Seminario,10,10/23/2024,10/23/2024,8/1/2024,,Vicente Muñiz,,,,SalfaCorp,10/23/2024,10/23/2024
5b9a39dd,Celebración 50 Años,5,Concierto,10,10/3/2025,10/3/2025,4/30/2025,Cierre,Pablo Rodríguez,,,,Metro,10/3/2025,10/3/2025
30866d19,CAS Encuentro de Lideres,5,Charla - Seminario,10,5/30/2025,5/30/2025,5/9/2025,,,,,,Clínica Alemana,5/30/2025,5/30/2025
33d441ff,Previa Club Entel - Rauw Alejandro,5,BTL - Branding,10,10/13/2025,10/13/2025,10/13/2025,,Vicente Muñiz,,,,Entel,10/13/2025,10/13/2025
8dd92cf4,Casa Entelín - Linkin Park,5,BTL - Branding,10,11/2/2025,11/2/2025,10/29/2025,Revisar Logística después de Viña + Documentación + Partners Confirmados,Taki Schulz,,,,Entel,11/2/2025,11/2/2025
10ea205c,Falabella Alto LC,5,Corporativo,10,6/6/2023,6/6/2023,6/6/2023,Evento Hibrido 60 pax,,,,,Falabella,6/6/2023,6/6/2023
2d052ca1,Golf Teck (Stgo),5,BTL - Branding,10,10/27/2023,10/27/2023,10/27/2023,"Torneo de Golf por el día para el Board. 
Por confirmar.",,,,,Teck,10/27/2023,10/27/2023
5f952476,Welcome pack Bci,5,BTL - Branding,10,8/14/2023,8/14/2023,8/24/2023,,,,,,,8/14/2023,8/14/2023
ae3a391f,Relacionamiento Los Bunkers,5,Cultura,10,4/27/2024,4/27/2024,4/28/2024,NO LLORES POR MI,Pablo Rodríguez,,,,,4/27/2024,4/27/2024
f8451f9a,CESCO,5,Logistica,10,4/1/2024,4/1/2024,3/29/2024,Esperando brief y confirmación,,,,,Teck,4/1/2024,4/1/2024
5bd98314,Teck - Rueda de Inversiones,5,Logistica,10,11/4/2023,11/4/2023,11/10/2023,,,,,,,11/4/2023,11/4/2023
de2d8a7b,Bci Candle Lights,5,Cultura,10,6/6/2024,6/6/2024,6/6/2024,Making magic with money,,,,,Bci WM,6/6/2024,6/6/2024
cf065d00,Sta Rita Tour Bci,5,Fiesta ,10,11/17/2023,11/17/2023,11/17/2023,,,,,,,11/17/2023,11/17/2023
72fad894,Bci Banca Privada Felipe Izquiero,5,Corporativo,10,8/24/2023,8/24/2023,8/24/2023,"Actualizar ppto jueves 1/6. Galería P.Ready ajusta su propuesta de valor.

Levantar propuesta / cartelera
Felipe Izquierdo 100- 150 pax
Mediados de Agosto
Galería Patricia Ready",,,,,,8/24/2023,8/24/2023
1161006e,Bci WM Cine,5,Corporativo,10,7/13/2024,7/13/2024,2/2/2024,"Extras: acreditación, html y revisar ppto camión, saca peluche y corpóreo.",,,,,Bci WM,7/13/2024,7/13/2024
59eabd84,HackaTalent,5,Hackaton,10,12/11/2025,12/11/2025,10/24/2025,Evaluación,Vicente Muñiz,,,,Entel,12/11/2025,12/11/2025
34e4c329,Grammy,5,Cultura,10,5/13/2024,5/13/2024,4/6/2024,Enrique armará equipo,Eduardo Weise,,,,,5/13/2024,5/13/2024
b3c7a811,Welcome Pack Colombia,5,BTL - Branding,10,4/17/2023,4/17/2023,4/25/2023,Ppto enviado a cliente 17/4,,,,,Bci WM,4/17/2023,4/17/2023
e02695ec,Bci - Desayuno Mujeres,5,Corporativo,10,5/9/2024,5/9/2024,4/10/2024,VT,,,,,,5/9/2024,5/9/2024
1e03bde2,Inauguración Hogar Alemán,5,Corporativo,10,4/16/2024,4/16/2024,4/5/2024,,,,,,,4/16/2024,4/16/2024
f718d630,Cesco Week 2026,5,Logistica,1,4/13/2026,4/13/2026,3/13/2026,Wild Lama,Consuelo Muñiz,,,,Teck,4/13/2026,4/13/2026
32f4cff4,"Casa Entelín Chayanne - Stgo, Viña y Conce",5,BTL - Branding,1,2/7/2026,2/7/2026,1/9/2026,Esperando OC,Vicente Muñiz,,,,Entel,2/7/2026,2/7/2026
1233e6be,Made Inn Conce,5,Stand,1,4/7/2026,4/7/2026,3/9/2026,Ppto actualizado,Vicente Muñiz,,,,Entel,4/7/2026,4/7/2026
10dc721d,Bci Securities 10 Años,5,Corporativo,1,5/27/2026,5/27/2026,2/27/2026,Falta cerrar administrativo,Catalina Browne,,,,Bci WM,5/27/2026,5/27/2026
5c98c753,UAI - Lanzamiento Campaña,5,BTL - Branding,1,3/23/2026,3/23/2026,3/18/2026,Ongoing,Consuelo Muñiz,,,,,3/23/2026,3/23/2026
1df96675,Bci Planificación Interna,5,Corporativo,1,4/9/2026,4/9/2026,4/6/2026,Revisar Gastos,Catalina Browne,,,,,4/9/2026,4/9/2026
8efb9553,Marca en Movistar Arena Febrero,5,BTL - Branding,1,2/10/2026,2/10/2026,2/9/2026,Esperando OC,Vicente Muñiz,,,,Entel,2/10/2026,2/10/2026
98bbed52,Casa Entelin - Fiesta Entel,5,BTL - Branding,1,3/27/2026,3/27/2026,2/24/2026,Buscar prod,Vicente Muñiz,,,,Entel,3/27/2026,3/27/2026
a9654de8,Teck Canada 2026,5,Logistica,1,5/4/2026,5/4/2026,5/1/2026,Admin shit,Consuelo Muñiz,,,,Teck,5/4/2026,5/4/2026
edb89d79,Casa Entelin Alejandro Sanz,5,BTL - Branding,2,2/28/2026,2/28/2026,2/10/2026,Ppto Enviado 23 Feb,Vicente Muñiz,,,,Entel,2/28/2026,2/28/2026
c0868b7c,Mejor Colaborador 2026,5,Corporativo,2,3/12/2026,3/12/2026,12/9/2025,Definiendo 2do Photobooth,Marcelo Muñoz,,,,Wallmart,3/12/2026,3/12/2026
7b5e7e21,GORE - Política regional de movilidad,5,Suministros,3,9/26/2025,9/26/2025,8/5/2025,Esta semana se cierra (Informe final + Final Invoice),Marcelo Muñoz,,,,Gore RM,9/26/2025,9/26/2025
4ed1c3bc,Marca en Arusa Rugby,5,BTL - Branding,4,5/17/2026,5/17/2026,5/15/2026,Cobrar nueva implementación 2.0,Vicente Muñiz,,,,Entel,5/17/2026,5/17/2026
ca249914,Inauguración Escuela Punta Lavapiés,6,Corporativo,10,3/9/2025,3/9/2025,1/24/2025,Recibido propuesta licitación,Pablo Rodríguez,,,,Collahuasi,3/9/2025,3/9/2025
8bb0fb29,Prochile 25' y 26',6,Suministros,10,6/12/2025,6/12/2025,2/17/2025,Revisar Brief y llenar papeles,Consuelo Muñiz,,,,ProChile,6/12/2025,6/12/2025
ebe416f8,Celebración 75 Años,6,Fiesta ,10,11/8/2025,11/8/2025,12/20/2024,Respuesta miércoles 22/1,Consuelo Muñiz,,,,Verbo Divino,11/8/2025,11/8/2025
dfbe6e9f,Pixar Sinfónico,6,Cultura,10,12/8/2024,12/8/2024,11/12/2024,"Bci, CAS, Aconcagua. Cuál Rodrigo?",Pablo Rodríguez,,,,,12/8/2024,12/8/2024
f9b73dfb,9ª Asamblea General del CIAT,6,Charla - Seminario,10,5/5/2025,5/5/2025,1/13/2025,Conferencia & Logística en Hotel Mandarin,Pablo Rodríguez,,,,Mercado Público,5/5/2025,5/5/2025
5b814497,Villancicos Navidad,6,,10,12/19/2024,12/19/2024,12/3/2024,Esperando feedback ppta 2.0,Vicente Muñiz,,,,Empresas Copec,12/19/2024,12/19/2024
db025aeb,Stellantis,6,,10,1/19/2025,1/19/2025,12/4/2024,Respuesta 10 Dic 🕯️,,,,,,1/19/2025,1/19/2025
77bd9caa,Reu: Javi Haggar,6,,10,3/7/2025,3/7/2025,2/4/2025,Esperando Reu,Vicente Muñiz,,,,Grupo Copesa,3/7/2025,3/7/2025
be9cf1b8,Talleres Ripley,6,,10,1/31/2025,1/31/2025,12/10/2024,Follow up 6/1 - Esperando Respuesta,Vicente Muñiz,,,,Samadhi Consulting,1/31/2025,1/31/2025
3f2afccb,Crush Power Music - Activación,6,,10,3/1/2025,3/1/2025,12/20/2024,Esperando respuesta,,,,,,3/1/2025,3/1/2025
72c2ce42,Deco Alemana,6,,10,1/6/2024,1/6/2024,11/25/2024,,,,,,Clínica Alemana,1/6/2024,1/6/2024
59d9fa12,Encuentro Fortalecimiento Integral de la Gestión Municipal,6,,10,1/14/2025,1/14/2025,12/23/2024,,,,,,Subdere (Sub Secretaría de Desarrollo Regional),1/14/2025,1/14/2025
164072d2,REC 2026,6,,10,3/13/2026,3/13/2026,12/1/2025,Conversa con Manuel y Revisar Mercado Público,Pablo Rodríguez,,,,Lab,3/13/2026,3/13/2026
12b64d14,Licitación MiCC 1725-37-LQ25,6,,10,4/9/2025,4/9/2025,3/3/2025,,Pablo Rodríguez,,,,Ministerio de Cultura,4/9/2025,4/9/2025
6152e4fc,Año Nuevo Entel,6,,10,12/31/2025,12/31/2025,12/12/2025,Ofrecer Terraza CEINA a alguna Marca,Vicente Muñiz,,,,Entel,12/31/2025,12/31/2025
3adbc6c1,59837LP25 Congreso Salud Mental,6,,10,12/3/2025,12/3/2025,10/31/2025,,Marcelo Muñoz,,,,Carabineros de Chile,12/3/2025,12/3/2025
efae2465,Fiesta BAM,6,,10,12/5/2025,12/5/2025,10/20/2025,Country - Casa Espoz,Taki Schulz,,,,Bci WM,12/5/2025,12/5/2025
1ef5e570,Proyecto Merch,6,,10,3/1/2026,3/1/2026,10/27/2025,En espera de próximos pasos,Vicente Muñiz,,,,Papa Johns,3/1/2026,3/1/2026
bc513092,The Infamous,6,,10,3/30/2026,3/30/2026,11/28/2025,Avanzar en Alianza con CA660 - Posible Bci,Pablo Rodríguez,,,,,3/30/2026,3/30/2026
3fda23ab,587-74-LQ25 Minvu,6,,10,1/12/2026,1/12/2026,12/5/2025,,,,,,,1/12/2026,1/12/2026
463c869d,Fin de Año MKGT,6,,10,12/11/2025,12/11/2025,11/24/2025,Enviar Ppto hoy lunes 24,Vicente Muñiz,,,,Entel,12/11/2025,12/11/2025
d3c89f38,Estrategia Nacional de Biotecnología y Tecnologías Cuánticas,6,,10,12/27/2025,12/27/2025,12/5/2025,,Marcelo Muñoz,,,,,12/27/2025,12/27/2025
2f730bcd,1108734-17-LQ25 Feria FENART 2025,6,,10,12/5/2025,12/5/2025,11/3/2025,Publicada,Marcelo Muñoz,,,,Ministerio de Cultura,12/5/2025,12/5/2025
337f9f3d,CAS Innovation Day,6,,10,8/26/2025,8/26/2025,7/18/2025,,Pablo Rodríguez,,,,Clínica Alemana,8/26/2025,8/26/2025
59aea323,Catapilco - 18 Sept.,6,,10,9/17/2025,9/17/2025,7/28/2025,,,,,,,9/17/2025,9/17/2025
b200ffd3,Lanzamiento Nintendo,6,,10,8/8/2025,8/8/2025,6/27/2025,,,,,,,8/8/2025,8/8/2025
ad40d1c6,Providencia Artistas 18 Septiembre,6,,10,9/18/2025,9/18/2025,6/25/2025,,,,,,,9/18/2025,9/18/2025
a49b2f91,Stand ICARE,6,,10,10/17/2025,10/17/2025,6/6/2025,,Pablo Rodríguez,,,,Clínica Alemana,10/17/2025,10/17/2025
0df639fe,Proyectos 2026,6,,10,10/13/2025,10/13/2025,6/2/2025,,Vicente Muñiz,,,,Red Bull,10/13/2025,10/13/2025
ae79da72,Isla de Pascua,6,,10,8/25/2025,8/25/2025,5/29/2025,,Vicente Muñiz,,,,Entel,8/25/2025,8/25/2025
795db1e2,Celebración Aniversario,6,,10,8/29/2025,8/29/2025,4/24/2025,"Fran habla con cliente
Desarrollar presentación base + presupuesto. Fiesta Aniversario 40 personas (Casa Espoz o Arriendo Casa Fina)",Vicente Muñiz,,,,Faro Consulting Group,8/29/2025,8/29/2025
319bd109,Evento Kia Prensa,6,,10,12/16/2025,12/16/2025,10/24/2025,Preguntar a Juanjo cómo nos fue,Juanjo,,,,Indumotora,12/16/2025,12/16/2025
76da7ecc,Auspicio: Light Cycles - Entel,6,,10,5/9/2025,5/9/2025,4/14/2025,Esperando respuesta de Javi,Vicente Muñiz,,,,Entel,5/9/2025,5/9/2025
bbc34aec,Glencore,6,,10,4/18/2025,4/18/2025,1/31/2025,Evento Cecilia Edwards,,,,,Glencore,4/18/2025,4/18/2025
4942acdd,Insurtech Latam,6,,10,10/15/2025,10/15/2025,11/21/2024,12 Dic contestan,,,,,InsurteChile,10/15/2025,10/15/2025
f4fff8d0,Marathon 2025,6,,10,2/28/2025,2/28/2025,1/24/2025,,Consuelo Muñiz,,,,,2/28/2025,2/28/2025
02edf06d,FestiGame / Saval,6,,10,11/15/2024,11/15/2024,10/25/2024,,Pablo Rodríguez,,,,,11/15/2024,11/15/2024
ff97b80f,Teck - Primer envío,6,,10,4/15/2024,4/15/2024,3/8/2024,esperando brief,Eduardo Weise,,,,,4/15/2024,4/15/2024
739a3907,Lucchetti / 3 Montes,6,,10,10/24/2024,10/24/2024,4/1/2024,Semana 12/8 se define,,,,,Lucchetti,10/24/2024,10/24/2024
9ba60a60,Itaú - Pride,6,,10,3/13/2024,3/13/2024,4/1/2024,Consuelo Itaú contactada martes 2,Vicente Muñiz,,,,,3/13/2024,3/13/2024
c3e1bfd0,Bid Food,6,,10,3/12/2024,3/12/2024,8/31/2024,Contactado 22/7,,,,,,3/12/2024,3/12/2024
3916a266,Teck Licitación,6,,10,3/25/2024,3/25/2024,3/25/2024,Licitación,Pablo Rodríguez,,,,Teck,3/25/2024,3/25/2024
0859c1df,Loading Ediciones,6,,10,3/15/2024,3/15/2024,4/19/2024,No news,,,,,,3/15/2024,3/15/2024
ce11d70e,FEVER,6,,10,3/14/2024,3/14/2024,4/5/2024,,Pablo Rodríguez,,,,,3/14/2024,3/14/2024
767a5c3e,Canal 13 - 2024,6,,10,4/15/2024,4/15/2024,4/15/2024,"Esta semana 1 Julio, sino archivamos.",,,,,,4/15/2024,4/15/2024
5c08775b,Pousta - Exploración,6,,10,3/19/2024,3/19/2024,3/19/2024,Revisar NDA y pedir reu para proyecto fiesta.,Vicente Muñiz,,,,,3/19/2024,3/19/2024
2e7aa72d,CLA Encuentro Proveedores,6,,10,6/12/2024,6/12/2024,3/25/2024,Armando propuesta 2.0 - Casa Espoz,Vicente Muñiz,,,,,6/12/2024,6/12/2024
bab39d7c,Lanzamiento Sucursal Bci,6,,10,3/25/2024,3/25/2024,4/11/2024,,,,,,,3/25/2024,3/25/2024
8ee40c76,Converse - Cruise,6,,10,3/20/2024,3/20/2024,4/4/2024,Prendiendo 🕯️,Vicente Muñiz,,,,,3/20/2024,3/20/2024
fa4c6a68,FestiGame / UST,6,,10,11/15/2024,11/15/2024,10/25/2024,,Pablo Rodríguez,,,,,11/15/2024,11/15/2024
c8f040f8,Samsung-Wom,6,,10,3/21/2024,3/21/2024,4/9/2024,Stand-By,Vicente Muñiz,,,,,3/21/2024,3/21/2024
be4563d8,Evento 2024,6,,10,4/2/2024,4/2/2024,11/29/2024,"Edu contactó a Jefa en Dreams, ¿agendaremos reunión?",Vicente Muñiz,,,,Dreams - Monticello,4/2/2024,4/2/2024
7fa31f0f,CLA - Cuenta Pública 2024,6,,10,5/9/2024,5/9/2024,4/15/2024,BS,Pablo Rodríguez,,,,,5/9/2024,5/9/2024
c8a1db8a,Enólogos Bci,6,,10,5/31/2024,5/31/2024,4/26/2024,Levantando Proyecto,,,,,Bci WM,5/31/2024,5/31/2024
940da2df,Bci - Sociedad de la nieve,6,,10,5/31/2024,5/31/2024,4/26/2024,,,,,,,5/31/2024,5/31/2024
1295c41d,Bci - Evelyn Matthei,6,,10,5/30/2024,5/30/2024,4/26/2024,,,,,,,5/30/2024,5/30/2024
f30c2dc2,Inteligencia Artificial - Ministerio de Ciencias,6,,10,5/5/2024,5/5/2024,5/3/2024,,Pablo Rodríguez,,,,,5/5/2024,5/5/2024
7e8681fe,Lipigas,6,,10,5/20/2024,5/20/2024,5/16/2024,Esperando invitación.,Vicente Muñiz,,,,Lipigas,5/20/2024,5/20/2024
cccf5cc3,Larrain Vial,6,,10,5/24/2024,5/24/2024,5/14/2024,Esperando respuesta (longis),Vicente Muñiz,,,,LarrainVial,5/24/2024,5/24/2024
0f887386,Cajas Bci,6,,10,5/13/2024,5/13/2024,5/22/2024,Bolsa cuma,,,,,,5/13/2024,5/13/2024
7d5a220d,Viña Sta Carolina 150 años,6,,10,5/17/2024,5/17/2024,5/30/2024,,Pablo Rodríguez,,,,Santa Carolina,5/17/2024,5/17/2024
fae0a2c4,Toyota - Mujeres al volante,6,,10,6/7/2024,6/7/2024,6/7/2024,Revisar Wherex para ver si respondieron info pendiente + Avanzando en propuesta,Vicente Muñiz,,,,,6/7/2024,6/7/2024
eac7e7c3,Fiesta fin de año - SALFA,6,,10,3/12/2024,3/12/2024,4/30/2024,Prendiendo 🕯️,,,,,Salfa,3/12/2024,3/12/2024
7f2a2d13,Monticello Navidad,6,,10,12/1/2024,12/1/2024,6/21/2024,"Escribí por whatsap a Luisa, encargada para ver qué onda.",Vicente Muñiz,,,,Dreams - Monticello,12/1/2024,12/1/2024
ffcd1a89,Proyecto Propio LAB,6,,10,2/29/2024,2/29/2024,2/29/2024,Agendada reu esta semana,Vicente Muñiz,,,,Lab,2/29/2024,2/29/2024
01d56415,CLA - Tecla,6,,10,3/27/2024,3/27/2024,3/22/2024,,Vicente Muñiz,,,,CLA,3/27/2024,3/27/2024
245d9ad6,Aguas Horizonte Lanzamiento,6,,10,6/28/2023,6/28/2023,6/28/2023,"Se presentó ppt y ppto dgo 21/5.

Reunión presencial Lunes 15/5 a las 16 hrs.

Proyecto de lanzamiento Construcción desalinizadora. 300 - 400 pax",Pablo Rodríguez,,,,Aguas Horizontales,6/28/2023,6/28/2023
56ce9677,"Teck: Experiencias ""Significant others""",6,,10,10/25/2023,10/25/2023,10/25/2023,"- ¿Visita Parque Geoglifos de Pintados?
- Buscar guía pro que prepare toda la experiencia 
- Armar propuesta para cliente y presupuesto",Eduardo Weise,,,,Teck,10/25/2023,10/25/2023
a52f945a,Festival Duoc UC,6,,10,11/15/2023,11/15/2023,11/15/2023,Presentar en ppio viernes 9 de junio,,,,,,11/15/2023,11/15/2023
d400413e,Auto Amparo,6,,10,8/3/2023,8/3/2023,10/25/2023,"- Cotizar dos alternativas para Auto personal Amparo en Santiago
- Agendar reunión contacto Pablo",,,,,Teck,8/3/2023,8/3/2023
8a017872,Navidad Presidencia 2023,6,,10,12/22/2023,12/22/2023,12/22/2023,"Urgente ppt artistica
y ppto GAEL",Pablo Rodríguez,,,,,12/22/2023,12/22/2023
3161d8d8,Bci Fidelización de Clientes,6,,10,8/15/2023,8/15/2023,12/15/2023,5 Eventos 30 Pax c/u,,,,,Bci WM,8/15/2023,8/15/2023
59dd0b01,Arbol de Navidad 2023,6,,10,12/22/2023,12/22/2023,12/22/2023,"3 de julio:
Emplazado en la Plaza de la Constutución.
Urgente proveedor de fierro y pantalla",Pablo Rodríguez,,,,,12/22/2023,12/22/2023
0bc5e9c3,Aconcagua,6,,10,12/28/2023,12/28/2023,12/28/2023,,Pablo Rodríguez,,,,,12/28/2023,12/28/2023
b75db448,CLA ETM 2024,6,,10,11/16/2023,11/16/2023,11/17/2023,,Pablo Rodríguez,,,,,11/16/2023,11/16/2023
df31a425,Congreso Futuro Ñuble,6,,10,1/17/2024,1/17/2024,1/17/2024,,Pablo Rodríguez,,,,,1/17/2024,1/17/2024
ba5fc046,CLA Gira Cultural,6,,10,11/13/2023,11/13/2023,1/2/2024,"En espera de presentación financiera
Pasamos a la presentación
Gira Cultural 2024-2025-2026",Pablo Rodríguez,,,,CLA,11/13/2023,11/13/2023
e5dd78c9,Premiación Bci Wholesale Banking,6,,10,11/13/2023,11/13/2023,11/21/2023,"Fiesta entre el 9 y 11 enero 2024
150-250 pax",,,,,,11/13/2023,11/13/2023
ed8138c3,Navidad Chillan,6,,10,12/19/2023,12/19/2023,12/20/2023,,,,,,,12/19/2023,12/19/2023
771b8b19,Bci Golf 2024,6,,10,1/16/2024,1/16/2024,1/21/2024,,,,,,,1/16/2024,1/16/2024
fbfbc7fd,BID 2025,6,,10,3/20/2025,3/20/2025,1/24/2024,Prendiendo 🕯️,Pablo Rodríguez,,,,Ministerio de Hacienda,3/20/2025,3/20/2025
279b1a56,ANFP - Febrero,6,,10,2/11/2024,2/11/2024,2/20/2024,,Pablo Rodríguez,,,,ANFP,2/11/2024,2/11/2024
65023de4,CLA - 1ª Corrida Nocturna,6,,10,3/2/2024,3/2/2024,1/22/2024,,Vicente Muñiz,,,,CLA,3/2/2024,3/2/2024
ef69be86,CLA Venues Regiones,6,,10,3/1/2024,3/1/2024,3/3/2024,Proponer modelo de gestión,Eduardo Weise,,,,CLA,3/1/2024,3/1/2024
698e8d67,CLA Encuentros Regionales,6,,10,5/30/2025,5/30/2025,1/31/2024,Una locura,Consuelo Muñiz,,,,CLA,5/30/2025,5/30/2025
68a40ea0,CLA Convención de Líderes 2024,6,,10,4/1/2024,4/1/2024,1/24/2024,,,,,,,4/1/2024,4/1/2024
a6dbb176,Bci WM Hombres,6,,10,4/4/2024,4/4/2024,1/31/2024,Prendiendo 🕯️,,,,,Bci WM,4/4/2024,4/4/2024
68217f98,Bci WM Colaboradores,6,,10,3/28/2024,3/28/2024,1/31/2024,Stand-by,,,,,Bci WM,3/28/2024,3/28/2024
22c931f2,Wom - Rancagua,6,,10,4/1/2024,4/1/2024,1/31/2024,A la espera de WOM - Stand-by,Vicente Muñiz,,,,SorryMom,4/1/2024,4/1/2024
84f9020b,Streaming CAS,6,,10,12/3/2024,12/3/2024,2/2/2024,"Producción y transmisión en directo de 50 charlas en multistreaming en todas las plataformas (Facebook, Instagram, Youtube) , además de Zoom. Posteriormente las charlas deben subirlas a nuestro Youtube.

En el período de marzo a diciembre, serán 5 por mes en horario 19 o 20 horas, y con una duración entre 30 y 50 minutos aprox.
Contamos con una sala de grabación donde se realizan, cuenta con internet. En el Youtube encontrarán varias charlas del año 2023 donde pueden ver algunos ejemplos.


De estas 50 charlas, 3 serán realizadas en Aula magna de la clínica en forma presencial, y además queremos grabarla y transmitirla en directo en streaming en todas las plataformas. Este espacio tiene una capacidad para 250 personas.

Producción de 30 podcast anuales y subirlos a la plataforma Buzzsprout y además a todas las plataformas de streaming donde tenemos nuestros podcast, Spotify, Google Podcast, Itunes y otros. El período de subir los podcast será de mayo a octubre.",,,,,,12/3/2024,12/3/2024
5fbe254f,Corrida Unicef,6,,10,4/28/2024,4/28/2024,2/20/2024,Edu enviará números a contraparte,Eduardo Weise,,,,Unicef,4/28/2024,4/28/2024
a2cdb979,Credenciales LAB,6,,10,2/16/2024,2/16/2024,2/16/2024,,Catalina Browne,,,,Lab,2/16/2024,2/16/2024
edabfdcc,35 años,6,,10,10/17/2024,10/17/2024,7/5/2024,Generador?,Vicente Muñiz,,,,Fundación Arauco,10/17/2024,10/17/2024
fdd22668,Sport 4 Woman,6,,10,4/3/2024,4/3/2024,5/31/2024,,,,,,,4/3/2024,4/3/2024
58060c39,Informe Observatorio SEGEGOB,6,,10,5/26/2023,5/26/2023,5/26/2023,"Actividad: lanzamiento informe
Lugar: Patio de Las Camelias, La Moneda
Día: viernes 26 de mayo
Hora: 09:00 
Asistentes: 100 personas presenciales y 60 (aprox) vía zoom",Pablo Rodríguez,,,,Segegob,5/26/2023,5/26/2023
e0f3e275,Proyectos Generales,6,,10,10/30/2024,10/30/2024,10/25/2024,Isidora contestó (Eventos) 2.- Laura Llanos no (RR.HH),Vicente Muñiz,,,,Concha y Toro,10/30/2024,10/30/2024
2c4960bc,Corporativo,6,,10,8/22/2024,8/22/2024,8/25/2024,Contactada 22/7,,,,,Falabella,8/22/2024,8/22/2024
f4ca31c7,Comida Kraft,6,,10,9/5/2024,9/5/2024,7/29/2024,Envié recordatorio por wherex.,Vicente Muñiz,,,,Lactalis,9/5/2024,9/5/2024
30cefb48,Licitación Corps 2024-25,6,,10,10/1/2024,10/1/2024,9/16/2024,,Vicente Muñiz,,,,Blue Express - Copec,10/1/2024,10/1/2024
4e384b6c,Esquinazo 18,6,,10,9/9/2024,9/9/2024,8/1/2024,Envié recordatorio por wherex,Vicente Muñiz,,,,Sky Airline,9/9/2024,9/9/2024
7a68059b,Alianza del Pacifico Pro Tempore,6,,10,10/14/2024,10/14/2024,9/6/2024,Stand-by,Pablo Rodríguez,,,,Ministerio Relaciones Exteriores,10/14/2024,10/14/2024
f9ac3826,NZ Connect,6,,10,10/1/2024,10/1/2024,8/16/2024,Esperando a NZ Trade & Enterprise,Vicente Muñiz,,,,NZ Embassy,10/1/2024,10/1/2024
c25e2d76,Encuentro Comercial ProVida,6,,10,10/10/2024,10/10/2024,9/6/2024,"Lunes, 2 de septiembre a 15:00 hrs. // Reunión online presentación brief y abordar dudas:",,,,,Metlife,10/10/2024,10/10/2024
cedcc6d6,Ladera Sur,6,,10,11/15/2024,11/15/2024,9/13/2024,Reunión brief 7/9,,,,,Bci WM,11/15/2024,11/15/2024
af0a64c2,Noche de Película,6,,10,12/31/2024,12/31/2024,9/2/2024,Prendiendo velas,Vicente Muñiz,,,,Sheraton,12/31/2024,12/31/2024
a988f9de,120 años,6,,10,10/11/2024,10/11/2024,8/28/2024,Esperando respuesta,,,,,Cristalerías Chile,10/11/2024,10/11/2024
77e0351e,Congreso,6,,10,7/23/2024,7/23/2024,8/21/2024,Esperando respuesta x correo. Alfred contactará.,,,,,Rsimper,7/23/2024,7/23/2024
c5942ebe,Taller Enap-Arpel,6,,10,11/6/2024,11/6/2024,9/2/2024,Esperando si vamos o no.,Vicente Muñiz,,,,ENAP,11/6/2024,11/6/2024
9b934c81,Invermar - Fiestas de Navidad (Sur),6,,10,12/20/2024,12/20/2024,8/13/2024,Esperando preguntas en Wherex - Ver si se puede agregar otra cuenta.,,,,,,12/20/2024,12/20/2024
db9ab3dd,Corrida,6,,10,8/19/2024,8/19/2024,9/25/2024,En espera de Brief,,,,,CLA,8/19/2024,8/19/2024
b4f2f0a7,18 Sept - Itaú,6,,10,9/18/2024,9/18/2024,8/15/2024,"Le pedí que nos metiera a portal de proveedores esta vez para trabajar, me dijo que sí y no lo hizo nuevamente.",Vicente Muñiz,,,,,9/18/2024,9/18/2024
1ab1b45f,Unilever/Axe - SorryMom,6,,10,6/25/2024,6/25/2024,6/26/2024,Esperando a Unilever.,Vicente Muñiz,,,,SorryMom,6/25/2024,6/25/2024
f3deb8e8,Mueble CAV,6,,10,8/31/2024,8/31/2024,8/30/2024,Cotizar con Teté.,Vicente Muñiz,,,,Sheraton,8/31/2024,8/31/2024
e0f3e27x,Proyectos Generales,6,,10,9/30/2024,9/30/2024,8/14/2024,"Contectados, esperando respuesta.",,,,,Metlife,9/30/2024,9/30/2024
6ef0b315,Comida en Viña,6,,10,11/21/2024,11/21/2024,8/15/2024,Preguntar 20 o 21 Agosto,Vicente Muñiz,,,,Municipalidad Las Condes,11/21/2024,11/21/2024
002c56cc,Viva Leer Copec,6,,10,8/1/2025,8/1/2025,8/30/2024,Falta Cot Librería. La necesita todavía?,Vicente Muñiz,,,,Dentsu Creative,8/1/2025,8/1/2025
7290aaa8,Dipisa,6,,10,8/1/2024,8/1/2024,8/22/2024,Contactar primera semana de agosto,,,,,Dipisa,8/1/2024,8/1/2024
dbb9ce74,Stark,6,,10,7/3/2024,7/3/2024,8/31/2024,No respondió y vi comunicación del Evento con la productora que ya tenían.,Vicente Muñiz,,,,,7/3/2024,7/3/2024
99ebaf0b,Esquinazo Grupo Patio,6,,10,9/11/2024,9/11/2024,8/16/2024,No pescaron.,Vicente Muñiz,,,,,9/11/2024,9/11/2024
faec4e87,Muni Las Condes - Aniversario,6,,10,7/5/2024,7/5/2024,7/8/2024,,,,,,,7/5/2024,7/5/2024
3334799a,DOD 25',6,,10,10/3/2025,10/3/2025,12/31/2024,Va o no? Follow up en Enero.,Vicente Muñiz,,,,DevOpsDay Chile,10/3/2025,10/3/2025
8ce39fee,Envision - EMP,6,,10,7/3/2024,7/3/2024,7/18/2024,A la espera.,Vicente Muñiz,,,,Envision,7/3/2024,7/3/2024
7747b13b,FestiGame / Stand Resimple,6,,10,11/15/2024,11/15/2024,10/11/2024,En espera propuesta de Prisa,,,,,Prisa Media,11/15/2024,11/15/2024
b34456b3,Peace Boat,6,,10,2/14/2025,2/14/2025,12/13/2024,Agendar reunión,Vicente Muñiz,,,,Lab,2/14/2025,2/14/2025
cc5457b9,Stand Bci ETM,6,,10,11/21/2024,11/21/2024,10/3/2024,En evaluación,,,,,Bci Pyme,11/21/2024,11/21/2024
68af54ad,Celebración Fin de Año,6,,10,12/14/2024,12/14/2024,10/11/2024,Mail enviado. Esperando respuesta,Vicente Muñiz,,,,Lari,12/14/2024,12/14/2024
c0fece39,Caja Vecina 25',6,,10,3/1/2025,3/1/2025,12/9/2024,Armar reu con Camilo,Vicente Muñiz,,,,Banco Estado,3/1/2025,3/1/2025
9488d363,Spin off Ladera Sur,6,,10,9/28/2024,9/28/2024,9/28/2024,,,,,,Lab,9/28/2024,9/28/2024
e0f3e27p,Proyectos Generales,6,,10,12/5/2024,12/5/2024,9/13/2024,Mail enviado. Esperando respuesta,Vicente Muñiz,,,,Esmax,12/5/2024,12/5/2024
7f0956c5,Evento Fin de Año,6,,10,11/30/2024,11/30/2024,9/6/2024,Llamar y preguntar cuántas $ tiene,Vicente Muñiz,,,,Geodis,11/30/2024,11/30/2024
70a14ebx,Fiesta de fin de año,6,,10,12/20/2024,12/20/2024,10/11/2024,Mail enviado esperando respuesta,Vicente Muñiz,,,,Uno Salud,12/20/2024,12/20/2024
7ee2ab1c,La Florida Teatro 2025,6,,10,1/28/2025,1/28/2025,10/18/2024,Enviarán ID Mercado Público,Pablo Rodríguez,,,,La Florida,1/28/2025,1/28/2025
035b6b36,Previa AC/DC,6,,1,3/11/2026,3/11/2026,2/26/2026,,Taki Schulz,,,,Entel Empresas,3/11/2026,3/11/2026
d94b8687,Providencia Banqueteria Eventos,6,,1,5/11/2026,5/11/2026,5/14/2026,Preguntar Marcelo,Marcelo Muñoz,,,,,5/11/2026,5/11/2026
79151717,Fiesta Empresas,6,,2,7/29/2026,7/29/2026,4/6/2026,Preguntando a contactos de SKY para ver si vale la pena,Vicente Muñiz,,,,Sky Airline,7/29/2026,7/29/2026
2b4c39ef,Celebración - Bertonati,6,,2,3/20/2026,3/20/2026,2/27/2026,,Marcelo Muñoz,,,,,3/20/2026,3/20/2026
7d4ebaa4,Cercle - Estación Mapocho,6,,4,10/10/2026,10/10/2026,3/9/2026,Esperando respuesta de fechas 2027,Vicente Muñiz,,,,Cercle,10/10/2026,10/10/2026
94ca14fa,Fondas,6,,4,9/15/2026,9/15/2026,5/15/2026,"El que nos plantó, ya tenemos el teléfono. Pablo escribirá.",Marcelo Muñoz,,,,Municipalidad Ñuñoa,9/15/2026,9/15/2026
58964ff8,Directions,6,,5,5/21/2026,5/21/2026,5/1/2026,Conseguir Lugar para 1500-2000 y Proveedor Pro Pulseras LED,Vicente Muñiz,,,,Red Bull,5/21/2026,5/21/2026
07bf29bc,Glencore Proveedor 26-28,6,,6,4/3/2026,4/3/2026,3/9/2026,Creo que no vale la pena (Pablo Rodriguez),Marcelo Muñoz,,,,Glencore,4/3/2026,4/3/2026
bd0aab9d,Futcorp,7,,10,8/21/2025,8/21/2025,9/24/2025,Esperando update Extend,Vicente Muñiz,,,,Extend,8/21/2025,8/21/2025
b3136769,Dentsu - Lab,7,,10,3/6/2026,3/6/2026,2/6/2026,Esperando respuesta 2 Feb,Vicente Muñiz,,,,Dentsu Creative,3/6/2026,3/6/2026
af8892fe,Be-Ral,7,,10,8/29/2025,8/29/2025,9/27/2024,,Vicente Muñiz,,,,Lab,8/29/2025,8/29/2025
17b5ff76,Chile Al Dulce,7,,10,6/15/2025,6/15/2025,4/25/2024,Maipú,Pablo Rodríguez,,,,Lab,6/15/2025,6/15/2025
3399bdb8,Proyectos Providencia,7,,10,3/8/2025,3/8/2025,2/6/2025,Varios Proyectos: - Día de la mujer // Aniversario Providencia // 18 S (grande,Pablo Rodríguez,,,,Municipalidad de Providencia,3/8/2025,3/8/2025
83df0ad0,Odyssey,7,,10,11/6/2025,11/6/2025,1/13/2025,Cotizando venues + Armar comparativo,Vicente Muñiz,,,,Cercle,11/6/2025,11/6/2025
b9ebe49c,Inflable Torre Entel,7,,2,4/17/2026,4/17/2026,4/15/2026,Llamar proveedor,Vicente Muñiz,,,,Entel,4/17/2026,4/17/2026
abcb48ab,Propuestas 2026,7,,3,1/9/2026,1/9/2026,1/14/2026,Follow up 27 Feb,Vicente Muñiz,,,,Geely,1/9/2026,1/9/2026
638ff0d1,AFP - Plan Vital,7,,3,6/30/2026,6/30/2026,5/13/2026,No respondió,Vicente Muñiz,,,,,6/30/2026,6/30/2026
b2003b1a,Bci Seminario Inversiones,7,,4,11/6/2026,11/6/2026,4/3/2026,,Pablo Rodríguez,,,,Bci WM,11/6/2026,11/6/2026
97130c94,Bci Conferencia 2026,7,,4,10/16/2026,10/16/2026,4/3/2026,,Pablo Rodríguez,,,,Bci WM,10/16/2026,10/16/2026
8ac220e9,Salud 2050 - El futuro de la Salud,7,,5,1/30/2026,1/30/2026,1/30/2026,,Marcelo Muñoz,,,,Lab,1/30/2026,1/30/2026
ab59a994,Cameo - Arrau,7,,5,7/31/2026,7/31/2026,6/10/2026,Propuesta de licitar juntos simple y así pasarle las que no alcanzamos a tomar.,Vicente Muñiz,,,,,7/31/2026,7/31/2026
40ecee1a,Smiljan Radić,7,,5,4/4/2026,4/4/2026,3/20/2026,,Vicente Muñiz,,,,Lab,4/4/2026,4/4/2026
883bde4f,Coopeuch,6,,10,5/12/2025,5/12/2025,2/21/2025,Cotizar Proyecto // Propuesta Creativa,Eduardo Weise,,,,Copeuch,5/12/2025,5/12/2025
7ccb70e7,Extravaganza,6,,10,6/20/2025,6/20/2025,3/21/2025,Cotizando,Eduardo Weise,,,,Herbalife,6/20/2025,6/20/2025
0cffa5e2,Mundial Fútbol - Van Wagner,6,,10,3/31/2025,3/31/2025,2/15/2025,Esperando Licitación,Eduardo Weise,,,,Van Wagner Productions,3/31/2025,3/31/2025
099cf2fb,Circo Jumbo,6,,10,9/15/2025,9/15/2025,3/10/2025,Trabajando,Eduardo Weise,,,,Cencosud,9/15/2025,9/15/2025
683469cb,Feria Pulsar 2024,6,,10,12/6/2024,12/6/2024,9/27/2024,Esperando respuesta,Eduardo Weise,,,,SCD,12/6/2024,12/6/2024
91766c44,10° reporte de sostenibilidad CAS,6,,10,4/22/2025,4/22/2025,1/30/2025,,Pablo Rodríguez,,,,Clínica Alemana,4/22/2025,4/22/2025
1505afa0,CAS Sport,6,,10,4/4/2025,4/4/2025,4/4/2025,Cotizar proyecto + promotores,Consuelo Muñiz,,,,Clínica Alemana,4/4/2025,4/4/2025
1526c5be,Activación GD Tickets,6,,10,8/30/2025,8/30/2025,7/2/2025,Preguntar hoy 4 Ago si va o no,Vicente Muñiz,,,,Entel,8/30/2025,8/30/2025
fcda9e16,Wild Fire Risk Management,6,,10,10/27/2025,10/27/2025,9/29/2025,,Vicente Muñiz,,,,UC Davis,10/27/2025,10/27/2025
29a5ef83,Congreso Futuro 2026,6,,10,1/16/2026,1/16/2026,11/7/2025,break a leg,Pablo Rodríguez,,,,Fundación CF,1/16/2026,1/16/2026
3a08231f,CBT Conecta Santiago,6,,10,10/10/2025,10/10/2025,6/25/2025,,Pablo Rodríguez,,,,Sofofa,10/10/2025,10/10/2025
38b9d6ab,Teck Eventos Santiago,6,,10,8/22/2024,8/22/2024,5/5/2025,Esperando respuesta,Consuelo Muñiz,,,,Teck,8/22/2024,8/22/2024
9501af2b,Fiesta 18 Sept,6,,10,9/26/2025,9/26/2025,7/1/2025,🕯️🕯️,Vicente Muñiz,,,,Entel,9/26/2025,9/26/2025
4aebd543,Entel Kids,6,,10,8/7/2025,8/7/2025,6/23/2025,Armar presupuesto,Vicente Muñiz,,,,Entel,8/7/2025,8/7/2025
863d9109,Festival de Viña Marketing,6,,10,2/7/2026,2/7/2026,1/12/2026,🕯️,Vicente Muñiz,,,,Entel,2/7/2026,2/7/2026
ea7321fc,Afore Ventas,6,,10,10/24/2025,10/24/2025,10/13/2025,,Juanjo,,,,L'Occitane,10/24/2025,10/24/2025
346c74d7,Bci - Eventos Banca Premium,6,,10,6/2/2025,6/2/2025,6/19/2025,,Pablo Rodríguez,,,,Bci Banca Premium,6/2/2025,6/2/2025
3fe59e07,Adium Lanzamiento Medicamento,6,,10,8/7/2025,8/7/2025,6/11/2025,,Pablo Rodríguez,,,,Adium,8/7/2025,8/7/2025
70a14eb2,Fiesta de Fin de Año,6,,10,12/12/2025,12/12/2025,8/6/2025,Revisar cot + Idea creativa,Vicente Muñiz,,,,Glencore,12/12/2025,12/12/2025
2ad53575,2 Encuentro de Lideres,6,,10,12/5/2025,12/5/2025,11/21/2025,,Pablo Rodríguez,,,,Clínica Alemana,12/5/2025,12/5/2025
e00f5eab,Grammy 2025,6,,10,7/21/2025,7/21/2025,4/25/2025,Disponer lugares,Consuelo Muñiz,,,,Latin Grammy,7/21/2025,7/21/2025
cc75d02c,Investor Day,6,,10,10/23/2025,10/23/2025,6/19/2025,,Pablo Rodríguez,,,,Entel,10/23/2025,10/23/2025
e379ff3f,Lanzamiento KAI,6,,10,8/29/2025,8/29/2025,6/19/2025,Esperando respuesta y ppto.,Vicente Muñiz,,,,Viña Errázuriz,8/29/2025,8/29/2025
af94c65b,Comunicación Fin de Año,6,,10,12/12/2025,12/12/2025,12/5/2025,Inicio 2026. Press x cliente. Info nueva LAB + Propuestas,Valentina Echeverria,,,,Lab,12/12/2025,12/12/2025
d0cf8136,Previa Festival de Viña,6,,10,2/6/2026,2/6/2026,12/11/2025,,Vicente Muñiz,,,,Entel Empresas,2/6/2026,2/6/2026
e0f9dd39,Adium Nuevo Lanzamiento,6,,10,7/24/2025,7/24/2025,7/4/2025,,Pablo Rodríguez,,,,,7/24/2025,7/24/2025
278a0d3d,Guerbet 2025,6,,10,10/8/2025,10/8/2025,7/25/2025,🕯️🕯️🕯️🕯️,Vicente Muñiz,,,,Guerbet,10/8/2025,10/8/2025
ab2b3644,Golf Bci 2026,6,,10,1/22/2026,1/22/2026,12/11/2025,,Consuelo Muñiz,,,,Bci WM,1/22/2026,1/22/2026
ab50ff1a,Beauty Fest,6,,10,12/31/2025,12/31/2025,6/19/2025,,Vicente Muñiz,,,,Lab,12/31/2025,12/31/2025
3815e42d,MEAT - Piscinazo Corpóreos + Show FDV,6,,10,2/26/2026,2/26/2026,1/23/2026,,Vicente Muñiz,,,,Entel,2/26/2026,2/26/2026
f7f49219,Evento Pto Varas,6,,10,1/7/2026,1/7/2026,12/5/2025,Revisar Brief y Pre-Cotizar,Valentina Echeverria,,,,Entel Empresas,1/7/2026,1/7/2026
e62982d3,MEAT - Transmisión/Técnica/Logística Bus Artista FDV,6,,10,2/27/2026,2/27/2026,1/26/2026,,Vicente Muñiz,,,,Entel,2/27/2026,2/27/2026
6d2954dc,Pampa y Potasios Investments,6,,1,6/18/2026,6/18/2026,4/21/2026,🕯️,Vicente Muñiz,,,,Extend,6/18/2026,6/18/2026
307993d7,Print Santiago,6,,1,3/13/2026,3/13/2026,3/16/2026,Presentación 23 Marzo,Taki Schulz,,,,Epson,3/13/2026,3/13/2026
d1bff99e,Aniversario Airbus Chile,6,,1,4/23/2026,4/23/2026,2/12/2026,Hacer Seguimiento 4 Marzo,Vicente Muñiz,,,,Airbus,4/23/2026,4/23/2026
d3697ccf,GORE - Festival de la Vendimia,6,,1,5/8/2026,5/8/2026,4/23/2026,🕯️,Marcelo Muñoz,,,,Gore RM,5/8/2026,5/8/2026
03e0d710,Exponor y AquaSur,6,,1,3/24/2026,3/24/2026,2/13/2026,Follow up 27 Feb,Vicente Muñiz,,,,Entel Empresas,3/24/2026,3/24/2026
3f277a95,Cesco Party 2026,6,,1,4/14/2026,4/14/2026,1/30/2026,Vuelven el 5 y el 8,Vicente Muñiz,,,,Glencore,4/14/2026,4/14/2026
0b91cdbe,Fiesta de la Vendimia Santa Cruz,6,,1,3/13/2026,3/13/2026,2/17/2026,Tema ppto para la próxima. Conversar con Juanjo,Vicente Muñiz,,,,Indumotora,3/13/2026,3/13/2026
4ae32ff6,Dance Your Style,6,,1,8/28/2026,8/28/2026,5/11/2026,Falta enviar costos opción 2,Pablo Rodríguez,,,,Red Bull,8/28/2026,8/28/2026
99b750a9,CLA - Cuenta Pública,6,,1,5/11/2026,5/11/2026,4/29/2026,,Consuelo Muñiz,,,,CLA,5/11/2026,5/11/2026
1b98eff9,Casita Gala Viña - RRSS y MKT,6,,1,2/19/2026,2/19/2026,2/6/2026,,Vicente Muñiz,,,,Entel,2/19/2026,2/19/2026
5dba6403,Gira Entel Empresas 2026,6,,1,7/23/2026,7/23/2026,5/19/2026,"Pregunté a compras, aún sin noticias.",Vicente Muñiz,,,,Entel Empresas,7/23/2026,7/23/2026
54953834,Entel Nieve,6,,2,5/29/2026,5/29/2026,5/25/2026,🕯️,Vicente Muñiz,,,,Entel,5/29/2026,5/29/2026
0aac5200,Línea Almendra + 50 años,6,,2,4/29/2026,4/29/2026,3/25/2026,Reciclando ideas,Vicente Muñiz,,,,L'Occitane,4/29/2026,4/29/2026
74d5d20d,Mochileros Lolla,6,,2,4/4/2026,4/4/2026,2/28/2026,Enviado ppto dos,Vicente Muñiz,,,,Papa Johns,4/4/2026,4/4/2026
5fc0b68b,Tailandia Feria GAM,6,,3,9/12/2026,9/12/2026,3/20/2026,Revisar correo,Pablo Rodríguez,,,,,9/12/2026,9/12/2026
89ce9b92,Primera Piedra CD,6,,4,3/23/2026,3/23/2026,2/26/2026,Enviado 26 Feb,Marcelo Muñoz,,,,Wallmart,3/23/2026,3/23/2026
587ff30f,Stand Exponor,6,,6,5/1/2026,5/1/2026,2/12/2026,Esperando respuesta 2 Feb,Vicente Muñiz,,,,Regal Rexnord,5/1/2026,5/1/2026